<?xml version='1.0' encoding='utf-8'?>
<results><sort name="bubble"><size length="100"><case type="best"><operation>4950</operation></case><case type="random"><operation>4950</operation><operation>4950</operation><operation>4950</operation><operation>4950</operation><operation>4950</operation><operation>4950</operation><operation>4950</operation><operation>4950</operation><operation>4950</operation><operation>4950</operation></case><case type="worst"><operation>4950</operation></case></size><size length="200"><case type="best"><operation>19900</operation></case><case type="random"><operation>19900</operation><operation>19900</operation><operation>19900</operation><operation>19900</operation><operation>19900</operation><operation>19900</operation><operation>19900</operation><operation>19900</operation><operation>19900</operation><operation>19900</operation></case><case type="worst"><operation>19900</operation></case></size><size length="400"><case type="best"><operation>79800</operation></case><case type="random"><operation>79800</operation><operation>79800</operation><operation>79800</operation><operation>79800</operation><operation>79800</operation><operation>79800</operation><operation>79800</operation><operation>79800</operation><operation>79800</operation><operation>79800</operation></case><case type="worst"><operation>79800</operation></case></size><size length="800"><case type="best"><operation>319600</operation></case><case type="random"><operation>319600</operation><operation>319600</operation><operation>319600</operation><operation>319600</operation><operation>319600</operation><operation>319600</operation><operation>319600</operation><operation>319600</operation><operation>319600</operation><operation>319600</operation></case><case type="worst"><operation>319600</operation></case></size><size length="1600"><case type="best"><operation>1279200</operation></case><case type="random"><operation>1279200</operation><operation>1279200</operation><operation>1279200</operation><operation>1279200</operation><operation>1279200</operation><operation>1279200</operation><operation>1279200</operation><operation>1279200</operation><operation>1279200</operation><operation>1279200</operation></case><case type="worst"><operation>1279200</operation></case></size></sort><sort name="quick"><size length="100"><case type="best"><operation>4950</operation></case><case type="random"><operation>593</operation><operation>627</operation><operation>706</operation><operation>603</operation><operation>609</operation><operation>586</operation><operation>658</operation><operation>727</operation><operation>694</operation><operation>675</operation></case><case type="worst"><operation>4950</operation></case></size><size length="200"><case type="best"><operation>19900</operation></case><case type="random"><operation>1718</operation><operation>1802</operation><operation>1699</operation><operation>2046</operation><operation>1339</operation><operation>1592</operation><operation>1552</operation><operation>1630</operation><operation>1603</operation><operation>1619</operation></case><case type="worst"><operation>19900</operation></case></size><size length="400"><case type="best"><operation>79800</operation></case><case type="random"><operation>3507</operation><operation>3883</operation><operation>3626</operation><operation>3645</operation><operation>3482</operation><operation>3512</operation><operation>3426</operation><operation>3429</operation><operation>3754</operation><operation>3663</operation></case><case type="worst"><operation>79800</operation></case></size><size length="800"><case type="best"><operation>319600</operation></case><case type="random"><operation>8798</operation><operation>8764</operation><operation>8348</operation><operation>9074</operation><operation>8123</operation><operation>8133</operation><operation>8429</operation><operation>10301</operation><operation>8166</operation><operation>8239</operation></case><case type="worst"><operation>319600</operation></case></size><size length="1600"><case type="best"><operation>1279200</operation></case><case type="random"><operation>18281</operation><operation>17901</operation><operation>18980</operation><operation>17893</operation><operation>19178</operation><operation>19086</operation><operation>21621</operation><operation>19052</operation><operation>18786</operation><operation>17479</operation></case><case type="worst"><operation>1279200</operation></case></size></sort><sort name="insertion"><size length="100"><case type="best"><operation>99</operation></case><case type="random"><operation>3009</operation><operation>2781</operation><operation>2749</operation><operation>2893</operation><operation>2465</operation><operation>2323</operation><operation>2621</operation><operation>2306</operation><operation>2814</operation><operation>2417</operation></case><case type="worst"><operation>4950</operation></case></size><size length="200"><case type="best"><operation>199</operation></case><case type="random"><operation>10733</operation><operation>9733</operation><operation>9937</operation><operation>10039</operation><operation>10345</operation><operation>10011</operation><operation>9919</operation><operation>9250</operation><operation>10406</operation><operation>9854</operation></case><case type="worst"><operation>19900</operation></case></size><size length="400"><case type="best"><operation>399</operation></case><case type="random"><operation>40340</operation><operation>38521</operation><operation>38602</operation><operation>41042</operation><operation>41332</operation><operation>39970</operation><operation>39809</operation><operation>40579</operation><operation>42202</operation><operation>40329</operation></case><case type="worst"><operation>79800</operation></case></size><size length="800"><case type="best"><operation>799</operation></case><case type="random"><operation>164511</operation><operation>162095</operation><operation>163532</operation><operation>159247</operation><operation>162331</operation><operation>164812</operation><operation>169379</operation><operation>160777</operation><operation>161525</operation><operation>157699</operation></case><case type="worst"><operation>319600</operation></case></size><size length="1600"><case type="best"><operation>1599</operation></case><case type="random"><operation>629447</operation><operation>636515</operation><operation>638720</operation><operation>680500</operation><operation>641329</operation><operation>637214</operation><operation>622385</operation><operation>630220</operation><operation>638369</operation><operation>653176</operation></case><case type="worst"><operation>1279200</operation></case></size></sort><sort name="merge"><size length="100"><case type="best"><operation>356</operation></case><case type="random"><operation>542</operation><operation>542</operation><operation>554</operation><operation>551</operation><operation>554</operation><operation>537</operation><operation>532</operation><operation>542</operation><operation>536</operation><operation>528</operation></case><case type="worst"><operation>316</operation></case></size><size length="200"><case type="best"><operation>812</operation></case><case type="random"><operation>1273</operation><operation>1279</operation><operation>1279</operation><operation>1283</operation><operation>1280</operation><operation>1292</operation><operation>1277</operation><operation>1281</operation><operation>1281</operation><operation>1291</operation></case><case type="worst"><operation>732</operation></case></size><size length="400"><case type="best"><operation>1824</operation></case><case type="random"><operation>2959</operation><operation>2960</operation><operation>2958</operation><operation>2945</operation><operation>2949</operation><operation>2967</operation><operation>2962</operation><operation>2992</operation><operation>2957</operation><operation>2973</operation></case><case type="worst"><operation>1664</operation></case></size><size length="800"><case type="best"><operation>4048</operation></case><case type="random"><operation>6722</operation><operation>6706</operation><operation>6714</operation><operation>6734</operation><operation>6754</operation><operation>6724</operation><operation>6714</operation><operation>6710</operation><operation>6717</operation><operation>6734</operation></case><case type="worst"><operation>3728</operation></case></size><size length="1600"><case type="best"><operation>8896</operation></case><case type="random"><operation>15066</operation><operation>15043</operation><operation>15064</operation><operation>15032</operation><operation>15061</operation><operation>15044</operation><operation>15011</operation><operation>15016</operation><operation>15035</operation><operation>15060</operation></case><case type="worst"><operation>8256</operation></case></size></sort><sort name="heap"><size length="100"><case type="best"><operation>547</operation></case><case type="random"><operation>525</operation><operation>509</operation><operation>523</operation><operation>516</operation><operation>519</operation><operation>502</operation><operation>515</operation><operation>518</operation><operation>522</operation><operation>524</operation></case><case type="worst"><operation>478</operation></case></size><size length="200"><case type="best"><operation>1296</operation></case><case type="random"><operation>1225</operation><operation>1235</operation><operation>1231</operation><operation>1238</operation><operation>1232</operation><operation>1227</operation><operation>1231</operation><operation>1226</operation><operation>1219</operation><operation>1239</operation></case><case type="worst"><operation>1146</operation></case></size><size length="400"><case type="best"><operation>3004</operation></case><case type="random"><operation>2849</operation><operation>2851</operation><operation>2860</operation><operation>2850</operation><operation>2852</operation><operation>2871</operation><operation>2846</operation><operation>2864</operation><operation>2849</operation><operation>2853</operation></case><case type="worst"><operation>2680</operation></case></size><size length="800"><case type="best"><operation>6840</operation></case><case type="random"><operation>6510</operation><operation>6500</operation><operation>6504</operation><operation>6510</operation><operation>6521</operation><operation>6497</operation><operation>6536</operation><operation>6495</operation><operation>6516</operation><operation>6520</operation></case><case type="worst"><operation>6154</operation></case></size><size length="1600"><case type="best"><operation>15276</operation></case><case type="random"><operation>14624</operation><operation>14617</operation><operation>14621</operation><operation>14638</operation><operation>14641</operation><operation>14583</operation><operation>14592</operation><operation>14609</operation><operation>14664</operation><operation>14598</operation></case><case type="worst"><operation>13886</operation></case></size></sort><sort name="radix"><size length="100"><case type="best"><operation>3</operation></case><case type="random"><operation>3</operation><operation>3</operation><operation>4</operation><operation>4</operation><operation>4</operation><operation>3</operation><operation>3</operation><operation>4</operation><operation>4</operation><operation>3</operation></case><case type="worst"><operation>4</operation></case></size><size length="200"><case type="best"><operation>4</operation></case><case type="random"><operation>4</operation><operation>4</operation><operation>4</operation><operation>4</operation><operation>4</operation><operation>4</operation><operation>4</operation><operation>4</operation><operation>4</operation><operation>4</operation></case><case type="worst"><operation>4</operation></case></size><size length="400"><case type="best"><operation>4</operation></case><case type="random"><operation>4</operation><operation>4</operation><operation>4</operation><operation>4</operation><operation>4</operation><operation>4</operation><operation>4</operation><operation>4</operation><operation>4</operation><operation>4</operation></case><case type="worst"><operation>4</operation></case></size><size length="800"><case type="best"><operation>4</operation></case><case type="random"><operation>4</operation><operation>4</operation><operation>4</operation><operation>4</operation><operation>4</operation><operation>4</operation><operation>4</operation><operation>4</operation><operation>4</operation><operation>4</operation></case><case type="worst"><operation>4</operation></case></size><size length="1600"><case type="best"><operation>5</operation></case><case type="random"><operation>5</operation><operation>5</operation><operation>5</operation><operation>5</operation><operation>5</operation><operation>5</operation><operation>5</operation><operation>5</operation><operation>5</operation><operation>5</operation></case><case type="worst"><operation>5</operation></case></size></sort><sort name="red_black_tree"><size length="100"><case type="best"><operation>809</operation></case><case type="random"><operation>544</operation><operation>546</operation><operation>558</operation><operation>540</operation><operation>542</operation><operation>546</operation><operation>530</operation><operation>555</operation><operation>531</operation><operation>556</operation></case><case type="worst"><operation>809</operation></case></size><size length="200"><case type="best"><operation>1993</operation></case><case type="random"><operation>1292</operation><operation>1276</operation><operation>1279</operation><operation>1308</operation><operation>1289</operation><operation>1285</operation><operation>1305</operation><operation>1283</operation><operation>1299</operation><operation>1278</operation></case><case type="worst"><operation>1993</operation></case></size><size length="400"><case type="best"><operation>4757</operation></case><case type="random"><operation>3011</operation><operation>2970</operation><operation>2960</operation><operation>3016</operation><operation>2985</operation><operation>2968</operation><operation>2946</operation><operation>2980</operation><operation>2986</operation><operation>2969</operation></case><case type="worst"><operation>4757</operation></case></size><size length="800"><case type="best"><operation>11081</operation></case><case type="random"><operation>6775</operation><operation>6755</operation><operation>6760</operation><operation>6759</operation><operation>6751</operation><operation>6787</operation><operation>6753</operation><operation>6769</operation><operation>6845</operation><operation>6774</operation></case><case type="worst"><operation>11081</operation></case></size><size length="1600"><case type="best"><operation>25325</operation></case><case type="random"><operation>15160</operation><operation>15141</operation><operation>15123</operation><operation>15106</operation><operation>15248</operation><operation>15128</operation><operation>15161</operation><operation>15212</operation><operation>15196</operation><operation>15151</operation></case><case type="worst"><operation>25325</operation></case></size></sort><sort name="sort_tree"><size length="100"><case type="best"><operation>4950</operation></case><case type="random"><operation>611</operation><operation>575</operation><operation>622</operation><operation>594</operation><operation>640</operation><operation>620</operation><operation>654</operation><operation>603</operation><operation>671</operation><operation>688</operation></case><case type="worst"><operation>4950</operation></case></size><size length="200"><case type="best"><operation>19900</operation></case><case type="random"><operation>1460</operation><operation>1680</operation><operation>1599</operation><operation>1603</operation><operation>1789</operation><operation>1494</operation><operation>1520</operation><operation>1493</operation><operation>1568</operation><operation>1473</operation></case><case type="worst"><operation>19900</operation></case></size><size length="400"><case type="best"><operation>79800</operation></case><case type="random"><operation>3568</operation><operation>3701</operation><operation>3830</operation><operation>3544</operation><operation>3458</operation><operation>3686</operation><operation>3593</operation><operation>3579</operation><operation>3521</operation><operation>3549</operation></case><case type="worst"><operation>79800</operation></case></size><size length="800"><case type="best"><operation>319600</operation></case><case type="random"><operation>8512</operation><operation>8188</operation><operation>9954</operation><operation>7852</operation><operation>9643</operation><operation>8969</operation><operation>8456</operation><operation>8673</operation><operation>8989</operation><operation>8316</operation></case><case type="worst"><operation>319600</operation></case></size><size length="1600"><case type="best"><operation>1279200</operation></case><case type="random"><operation>18569</operation><operation>18329</operation><operation>19672</operation><operation>18191</operation><operation>20559</operation><operation>18815</operation><operation>19708</operation><operation>19232</operation><operation>19408</operation><operation>20828</operation></case><case type="worst"><operation>1279200</operation></case></size></sort></results>